Country Club / Clubhouse,Clubbing
Dance & Night Club,Clubbing
Karaoke,Clubbing
Event Planner,Clubbing
Bartending Service,Clubbing
Wedding Planning Service,Clubbing
Party & Entertainment Service,Clubbing
Party Entertainment Service,Clubbing
Adult Entertainment Service,Clubbing
DJ,Clubbing
Club,Clubbing
Kids Entertainment Service,Clubbing
Social Club,Clubbing
Water Park,Beach
Aquarium,Beach
Bay,Beach
Beach,Beach
Agriculture,Nature
Agricultural Cooperative,Nature
Agricultural Service,Nature
Farm,Nature
Dairy Farm,Nature
Fish Farm,Nature
Livestock Farm,Nature
Poultry Farm,Nature
Urban Farm,Nature
Nature,Nature
Environmental Conservation Organization,Nature
Fairground,Nature
Geographical Place,Nature
Outdoor Recreation,Nature
Cape,Nature
Cave,Nature
Continent,Nature
Desert,Nature
Fjord/Loch,Nature
Glacier,Nature
Hot Spring,Nature
Island,Nature
Lake,Nature
Mountain,Nature
Ocean,Nature
Pond,Nature
Reservoir,Nature
River,Nature
Volcano,Nature
Waterfall,Nature
Park,Nature
Arboretum,Nature
Dog Park,Nature
Field,Nature
National Forest,Nature
National Park,Nature
Nature Preserve,Nature
Picnic Ground,Nature
Playground,Nature
Public Square / Plaza,Nature
State Park,Nature
Public Garden,Nature
Botanical Garden,Nature
Community Garden,Nature
Rose Garden,Nature
Sculpture Garden,Nature
Recreation Spot,Nature
Bike Trail,Nature
Diving Spot,Nature
Fishing Spot,Nature
Hiking Trail,Nature
Rock Climbing Spot,Nature
Snorkeling Spot,Nature
Surfing Spot,Nature
Wine/Spirits,Bar
Bar,Bar
Beer Bar,Bar
Beer Garden,Bar
Champagne Bar,Bar
Cocktail Bar,Bar
Dive Bar,Bar
Gay Bar,Bar
Hookah Lounge,Bar
Hotel Bar,Bar
Irish Pub,Bar
Lounge,Bar
Pub,Bar
Sake Bar,Bar
Speakeasy,Bar
Sports Bar,Bar
Tiki Bar,Bar
Whisky Bar,Bar
Wine Bar,Bar
Shopping & Retail,Shopping
Antique Store,Shopping
Apparel & Clothing,Shopping
Accessories,Shopping
Bags & Luggage Store,Shopping
Hat Store,Shopping
Jewelry & Watches Store,Shopping
Sunglasses & Eyewear Store,Shopping
Clothing Store,Shopping
Baby & Children's Clothing Store,Shopping
Bridal Shop,Shopping
Costume Shop,Shopping
Footwear Store,Shopping
Lingerie & Underwear Store,Shopping
Maternity & Nursing Clothing Store,Shopping
Men's Clothing Store,Shopping
Sportswear Store,Shopping
Swimwear Store,Shopping
Women's Clothing Store,Shopping
Arts & Crafts Store,Shopping
Auction House,Shopping
Beauty Store,Shopping
Beauty Supply Store,Shopping
Cosmetics Store,Shopping
Wig Store,Shopping
Big Box Retailer,Shopping
Bookstore,Shopping
College / University Bookstore,Shopping
Comic Bookstore,Shopping
Independent Bookstore,Shopping
Religious Bookstore,Shopping
Boutique Store,Shopping
Collectibles Store,Shopping
Cultural Gifts Store,Shopping
Department Store,Shopping
Discount Store,Shopping
Duty-Free Shop,Shopping
E-Cigarette Store,Shopping
Educational Supply Store,Shopping
Electronics Store,Shopping
Audio Visual Equipment Store,Shopping
Computer Store,Shopping
Fabric Store,Shopping
Fireworks Retailer,Shopping
Flea Market,Shopping
Gift Shop,Shopping
Glass & Mirror Shop,Shopping
Gun Store,Shopping
Hobby Store,Shopping
Home & Garden Store,Shopping
Appliance Store,Shopping
Awning Supplier,Shopping
Blinds & Curtains Store,Shopping
Building Material Store,Shopping
Cabinet & Countertop Store,Shopping
Carpet & Flooring Store,Shopping
Fireplace Store,Shopping
Furniture Store,Shopping
Garden Center,Shopping
Hardware Store,Shopping
Home Goods Store,Shopping
Home Theater Store,Shopping
Lighting Store,Shopping
Mattress Store,Shopping
Nurseries & Gardening Store,Shopping
Lottery Retailer,Shopping
Mattress Wholesaler,Shopping
Mobile Phone Shop,Shopping
Movie & Music Store,Shopping
Moving Supply Store,Shopping
Musical Instrument Store,Shopping
Newsstand,Shopping
Night Market,Shopping
Office Equipment Store,Shopping
Outdoor & Sporting Goods Company,Shopping
Outlet Store,Shopping
Party Supply & Rental Shop,Shopping
Carnival Supply Store,Shopping
Pawn Shop,Shopping
Pet Store,Shopping
Aquatic Pet Store,Shopping
Reptile Pet Store,Shopping
Pop-Up Shop,Shopping
Rent to Own Store,Shopping
Restaurant Supply Store,Shopping
Retail Company,Shopping
Seasonal Store,Shopping
Shopping Mall,Shopping
Shopping Service,Shopping
Souvenir Shop,Shopping
Sporting Goods Store,Shopping
Archery Shop,Shopping
Bicycle Shop,Shopping
Fishing Store,Shopping
Mountain Biking Shop,Shopping
Outdoor Equipment Store,Shopping
Skate Shop,Shopping
Ski & Snowboard Shop,Shopping
Surf Shop,Shopping
Thrift & Consignment Store,Shopping
Tobacco Store,Shopping
Toy Store,Shopping
Trophies & Engraving Shop,Shopping
Video Game Store,Shopping
Vintage Store,Shopping
Wholesale & Supply Store,Shopping
SHOPPING,Shopping
"Beauty, Cosmetic & Personal Care",Shopping
Barber Shop,Shopping
Beauty Salon,Shopping
Hair Salon,Shopping
Nail Salon,Shopping
Tanning Salon,Shopping
Beauty Supplier,Shopping
Hair Extensions Service,Shopping
Hair Removal Service,Shopping
Laser Hair Removal Service,Shopping
Sugaring Service,Shopping
Threading Service,Shopping
Waxing Service,Shopping
Hair Replacement Service,Shopping
Image Consultant,Shopping
Makeup Artist,Shopping
Skin Care Service,Shopping
Spa,Shopping
Aromatherapy Service,Shopping
Day Spa,Shopping
Health Spa,Shopping
Massage Service,Shopping
Onsen,Shopping
Tattoo & Piercing Shop,Shopping
MUSEUM,Museums
Interest,Museums
Literary Arts,Museums
Performance Art,Museums
Performing Arts,Museums
Science,Museums
Visual Arts,Museums
"Science, Technology & Engineering",Museums
Aerospace Company,Museums
Biotechnology Company,Museums
Art Museum,Museums
Asian Art Museum,Museums
Cartooning Museum,Museums
Contemporary Art Museum,Museums
Costume Museum,Museums
Decorative Arts Museum,Museums
Design Museum,Museums
Modern Art Museum,Museums
Photography Museum,Museums
Textile Museum,Museums
Aviation Museum,Museums
Children's Museum,Museums
History Museum,Museums
Civilization Museum,Museums
Community Museum,Museums
Science Museum,Museums
Computer Museum,Museums
Observatory,Museums
Planetarium,Museums
Sports Museum,Museums
Art Gallery,Museums
